{
  "format_version": "1.12",
  "minecraft:recipe_shaped": {
    "description": {
    "identifier": "decor:door_concrete_purple"
    },

    
    "tags": [ "crafting_table" ],
    "group": "wooden_door",
    "pattern": [
      "#1",
      "#1",
      "#1"
    ],
    "key": {
      "#": {
        "item": "minecraft:concrete",
        "data": 10
      },
      "1": {
        "item": "minecraft:stained_glass_pane",
        "data": 10
      }
    },
    "result": {
      "item": "decor:door_concrete_purple",
      "count": 3
    }
  }
}
