{
    "format_version": "1.12",
    "minecraft:recipe_shaped": {
        "tags": [
            "crafting_table"
        ],
        "pattern": [
            "#",
            "i"
        ],
        "key": {
            "#": {
                "item": "anniboy:door_key"
            },
            "i": {
                "item": "minecraft:dye",
                "data": 18
            }
        },
        "result": {
            "item": "anniboy:door_key_blue",
            "count": 1
        },
        "description": {
            "identifier": "anniboy:door_key_blue"
        }
    }
}