{
    "format_version": "1.12",
    "minecraft:recipe_shaped": {
        "tags": [
            "crafting_table"
        ],
        "pattern": [
            ".",
            "."
        ],
        "key": {
            ".": {
                "item": "minecraft:piston"
            }
        },
        "result": {
            "item": "anniboy:locked_door_spawn_egg",
            "count": 1
        },
        "description": {
            "identifier": "anniboy:locked_door"
        }
    }
}