{
	"format_version": "1.12.0",
	"minecraft:geometry": [
		{
			"description": {
				"identifier": "geometry.door_upper",
				"texture_width": 32,
				"texture_height": 32,
				"visible_bounds_width": 2,
				"visible_bounds_height": 2.5,
				"visible_bounds_offset": [0, 0.75, 0]
			},
			"bones": [
				{
					"name": "door",
					"pivot": [-6, 16, -8],
					"cubes": [
						{
							"origin": [-8, 0, -8],
							"size": [16, 16, 3],
							"uv": {
								"north": {"uv": [0, 0], "uv_size": [16, 16], "material_instance": "blend"},
								"east": {"uv": [0, 0], "uv_size": [3, 16], "material_instance": "blend"},
								"south": {"uv": [16, 0], "uv_size": [-16, 16], "material_instance": "blend"},
								"west": {"uv": [15, 0], "uv_size": [1, 16], "material_instance": "blend"},
								"up": {"uv": [16, 2], "uv_size": [-16, -2], "material_instance": "blend"}
							}
						}
					]
				}
			]
		}
	]
}