{
	"format_version": "1.10.0",
	"animation_controllers": {
		"controller.animation.anniboy.locked_door.functions": {
			"states": {
				"default": {
					"transitions": [
						{
							"function_8": "query.skin_id == 8"
						},
						{
							"function_7": "query.skin_id == 7"
						},
						{
							"function_6": "query.skin_id == 6"
						},
						{
							"function_5": "query.skin_id == 5"
						},
						{
							"function_4": "query.skin_id == 4"
						},
						{
							"function_3": "query.skin_id == 3"
						},
						{
							"function_2": "query.skin_id == 2"
						},
						{
							"function_1": "query.skin_id == 1"
						}
					]
				},
				"function_1": {
					"transitions": [
						{
							"default": "query.skin_id != 1"
						}
					],
					"on_entry": [
						"/fill ~ ~ ~ ~ ~1 ~ air",
						"/tp @e[family=anniboy_door,c=1,r=3] ~ ~ ~ 0 0",
						"/execute @e[family=lockable_d,r=1.2,c=1] ~ ~ ~ /playsound dig.stone @a[r=5]",
						"/gamerule sendcommandfeedback false",
						"@s remove_1"
					]
				},
				"function_2": {
					"transitions": [
						{
							"default": "query.skin_id != 2"
						}
					],
					"on_entry": [
						"/title @a[r=5] actionbar Locked",
						"/playsound random.orb @a[r=5]",
						"/fill ~ ~ ~ ~ ~1 ~ barrier",
						"@s remove_2"
					]
				},
				"function_3": {
					"transitions": [
						{
							"default": "query.skin_id != 3"
						}
					],
					"on_entry": [
						"/title @a[r=5] actionbar Unlocked",
						"/playsound random.orb @a[r=5]",
						"@s remove_3",
						"/fill ~ ~ ~ ~ ~1 ~ air"
					]
				},
				"function_4": {
					"transitions": [
						{
							"default": "query.skin_id != 4"
						}
					],
					"on_entry": [
						"/playsound mob.irongolem.hit @a[r=5]",
						"@s remove_4"
					]
				},
				"function_5": {
					"transitions": [
						{
							"default": "query.skin_id != 5"
						}
					],
					"on_entry": [
						"/playsound mob.irongolem.hit @a[r=5]",
						"@s remove_5"
					]
				},
				"function_6": {
					"transitions": [
						{
							"default": "query.skin_id != 6"
						}
					],
					"on_entry": [
						"/title @a[r=5] actionbar §cThis door is locked",
						"/playsound random.pop @a[r=5]",
						"@s remove_6"
					]
				},
				"function_7": {
					"transitions": [
						{
							"default": "query.skin_id != 7"
						}
					],
					"on_entry": [
						"/title @a[r=5] actionbar §eCard error§r: Owner mismatched",
						"/playsound random.pop @a[r=5]",
						"@s remove_7"
					]
				},
				"function_8": {
					"transitions": [
						{
							"default": "query.skin_id != 8"
						}
					],
					"on_entry": [
						"/fill ~ ~ ~ ~ ~1 ~ air",
						"/give @p anniboy:locked_door_spawn_egg",
						"/kill @e[family=anniboy_door,c=1,r=3]",
						"@s remove_8"
					]
				}
			}
		}
	}
}