{
    "resource_pack_name": "vanilla",
	"texture_name": "atlas.terrain",
	"padding": 8,
	"num_mip_levels": 4,
	"texture_data": {
//Concrete
	    "door_concrete_white": {
		    "textures": "textures/blocks/door_concrete/door_concrete_white"
		},
	    "door_concrete_black": {
		    "textures": "textures/blocks/door_concrete/door_concrete_black"
		},
	    "door_concrete_red": {
		    "textures": "textures/blocks/door_concrete/door_concrete_red"
		},
	    "door_concrete_orange": {
		    "textures": "textures/blocks/door_concrete/door_concrete_orange"
		},
	    "door_concrete_yellow": {
		    "textures": "textures/blocks/door_concrete/door_concrete_yellow"
		},
	    "door_concrete_lime": {
		    "textures": "textures/blocks/door_concrete/door_concrete_lime"
		},
	    "door_concrete_blue": {
		    "textures": "textures/blocks/door_concrete/door_concrete_blue"
		},
	    "door_concrete_purple": {
		    "textures": "textures/blocks/door_concrete/door_concrete_purple"
		},
//Quartz
	    "door_quartz": {
		    "textures": "textures/blocks/door_quartz/door_quartz"
		}
	}
}